src,ref
Your phone will automatically switch to the strongest available Wi-Fi signal.,Je telefoon schakelt automatisch over naar het sterkste beschikbare Wi-Fi-signaal.
"To unsubscribe from push notifications, tap Unsubscribe in any notification you receive.",Tik op Abonnement opzeggen in een ontvangen melding om je af te melden voor pushmeldingen.
Create and deploy a new policy template.,Maak een nieuw beleidssjabloon en implementeer het.
Split screen tutorial,Tutorial voor gesplitst scherm
Ask owner to upgrade to Premium to add unlimited family members.,Vraag de eigenaar om een upgrade naar Premium uit te voeren om een onbeperkt aantal gezinsleden toe te voegen.
Spatial audio enabled,Ruimtelijke audio ingeschakeld
Set the preferred screen resolution for your external display.,Stel de gewenste schermresolutie in voor je externe display.
Storage location: SD Card,Opslaglocatie: SD-kaart
Page {1} of {2},Pagina {1} van {2}
Motorola enterprise mobility management (EMM) solution.,Enterprise Mobility Management-oplossing (EMM) van Motorola.
Snap crystal-clear photos and selfies in any light with a 64MP external camera and OIS—or a 32MP internal camera with Quad Pixel technology.,Maak kristalheldere foto's en selfies bij elk licht met een externe 64MP-camera en OIS of een interne 32MP-camera met Quad Pixel-technologie.
"On certain carrier networks, video calls may be split into voice and data charges.",Op bepaalde provider-netwerken kunnen videogesprekken worden gesplitst in spraak- en datatarifering.
Easily jump between Experience hub activities.,Schakel snel tussen Alle ervaringen-activiteiten.
Sensitive data protected,Gevoelige gegevens beschermd
Upgrade to remove the limit on how many people can join your family group.,Upgrade om de limiet te verwijderen op het aantal personen dat lid kan worden van je familiegroep.
Location access: Only while using app,Locatietoegang: alleen tijdens gebruik van de app
Launch the trackpad to use gestures and air mouse.,Start het trackpad om gebaren en een airmuis te gebruiken.
Bluetooth visibility timed out,Time-out voor Bluetooth-zichtbaarheid
Accessibility shortcut is enabled.,Snelkoppeling voor toegankelijkheid is ingeschakeld.
Restricted by “Don't allow” setting,Beperkt door de instelling Niet toestaan
This allows you to view movable content when you hover over an app,Hiermee kun je mobiele inhoud bekijken wanneer je met je muis over een app beweegt
Internal storage almost full,Interne opslag bijna vol
Leave and get a reminder,Verlaten en een herinnering ontvangen
Uninstalling app...,App verwijderen...
Enterprise Mobility Management allows your administrator to apply policies to this device.,Enterprise Mobility Management stelt je beheerder in staat beleid toe te passen op dit apparaat.
Ultra Battery Saver active,Ultra-batterijbesparing actief
PTT calls are recorded when the record calls option is enabled.,PTT-oproepen worden opgenomen wanneer de optie Oproepen opnemen is ingeschakeld.
Kid-friendly apps only,Alleen kindvriendelijke apps
Switch to front camera,Omschakelen naar camera aan voorzijde
"For security, you must verify your identity with a PIN every 3 days when using face unlock.",Voor de veiligheid moet je je identiteit elke 3 dagen verifiëren met een pincode bij gebruik van gezichtsontgrendeling.
Apps in your work profile are managed by your organization.,Apps in je werkprofiel worden beheerd door je organisatie.
Get alerts when a family member enters or exits this saved location.,Ontvang meldingen wanneer een gezinslid deze opgeslagen locatie opent of verlaat.
You can reconnect at any time from Settings.,Je kunt op elk gewenst moment opnieuw verbinding maken via Instellingen.
System update is ready,Systeemupdate is gereed
{1}Update window: From {2} to {3},{1}Updateperiode: van {2} tot {3}
"Go to Settings, choose Permissions, and then allow “Connect to nearby devices.“","Ga naar Instellingen, kies Machtigingen en schakel vervolgens 'Verbinding maken met apparaten dichtbij' in."
Recovery mode active,Herstelmodus actief
Mark as read,Markeren als gelezen
Sold separately.,Apart verkocht.
USB debugging active,USB-foutopsporing actief
Last synced {1} minutes ago,{1} minuten geleden gesynchroniseerd
Nearby device permission,Toestemming voor apparaten dichtbij
Your subscription has been cancelled successfully.,Je abonnement is succesvol opgezegd.
Microphone in use by {1},Microfoon in gebruik door {1}
System battery alert,Systeembatterij-waarschuwing
"Instantly connect your phone to your favorite devices so you can stream, work, and share","Verbind je telefoon direct met je favoriete apparaten, zodat je kunt streamen, werken en delen"
Sign in,Aanmelden
Allow this app to send you push notifications?,Wil je dat deze app je pushmeldingen stuurt?
Wallpaper successfully applied,Achtergrond succesvol toegepast
"When mirroring your phone, adjust the display ratio to reduce letterboxing and optimize viewing","Wanneer je je telefoon spiegelt, pas je de beeldverhouding aan om de letterboxing te verminderen en de weergave te optimaliseren"
Choose your refresh rate,Kies je vernieuwingsfrequentie
Swipe down for notifications,Swipe omlaag voor meldingen
"By continuing, you agree to the Terms of Service.","Door verder te gaan, ga je akkoord met de Servicevoorwaarden."
Three-finger swipe for screenshot,Swipe met drie vingers voor screenshot
"To share files between your phone and PC, both devices must be connected to the same Wi-Fi network.","Om bestanden te delen tussen je telefoon en pc, moeten beide apparaten verbonden zijn met hetzelfde Wi-Fi-netwerk."
Edge lights active for calls,Randverlichting actief voor oproepen
Manage your subscription,Je abonnement beheren
You have subscribed to push notifications from this app.,Je hebt je geabonneerd op pushmeldingen van deze app.
No personal information will be stored on our servers.,Er worden geen persoonlijke gegevens opgeslagen op onze servers.
Use air mouse mode to control your TV with gestures.,Gebruik de airmuis-modus om je tv te bedienen met gebaren.
Get started,Aan de slag
Quad Pixel technology combines four pixels into one for better low-light performance.,Quad Pixel-technologie combineert vier pixels tot één voor betere prestaties bij weinig licht.
Hold the volume down button and the power button simultaneously to take a screenshot.,Houd de volume-omlaagknop en de aan/uit-knop tegelijkertijd ingedrukt om een screenshot te maken.
Airplane mode is active,Vliegtuigmodus is actief
"{1}/mo, save {2}%%","{1} per maand, bespaar {2}%%"
Two-step verification required,Tweestapsverificatie vereist
Scanning for viruses...,Scannen op virussen...
Clear cache to free up space,Cache wissen om ruimte vrij te maken
This employee is authorized to create and manage customization policy templates and apply them to devices,"Deze medewerker is bevoegd aangepaste beleidssjablonen te maken en beheren, en deze toe te passen op apparaten"
Bluetooth device connected,Bluetooth-apparaat verbonden
"256GB built-inUFS 3.1 + LPDDR5""",256 GB ingebouwdUFS 3.1 + LPDDR5
System UI has stopped,Systeem-UI is gestopt
Hover over an app to preview its content.,Beweeg de muis over een app om een voorbeeld van de inhoud te bekijken.
Double tap power button,Dubbeltik op de aan/uit-knop
"I may unsubscribe to push notifications by selecting ""Unsubscribe"" in the notifications I receive.",Ik kan mijn abonnement op pushmeldingen opzeggen door Abonnement opzeggen te selecteren in de meldingen die ik ontvang.
Storage is almost full,Opslagruimte is bijna vol
This employee is authorized to manage device policies.,Deze medewerker is bevoegd om apparaatbeleid te beheren.
Open Moto Secure to manage your secure folder and app lock settings.,Open Moto Secure om je beveiligde map en app-vergrendelingsinstellingen te beheren.
Throw your active apps to a nearby screen using a quick swipe motion.,Gooi je actieve apps naar een scherm in de buurt met een snelle veegbeweging.
You can also use a wired connection with an HDMI cable or USB-C hub.,Je kunt ook een bekabelde verbinding gebruiken met een HDMI-kabel of USB-C-hub.
Chop twice for flashlight,Twee keer schudden voor zaklamp
It will automatically recharge when the battery level is lower than 20%.,Het apparaat wordt automatisch opnieuw opgeladen wanneer het accupercentage lager is dan 20%.
"{1}/month, save {2}%%","{1} per maand, bespaar {2}%%"
Find my device: On,Vind mijn apparaat: Aan
Timer set to 3 seconds,Timer ingesteld op 3 seconden
Safe mode active,Veilige modus actief
Open Experience hub to manage your connected displays and devices.,Open Alle ervaringen om je verbonden displays en apparaten te beheren.
You may not receive notifications from apps that have been restricted in the background.,Je ontvangt mogelijk geen meldingen van apps die op de achtergrond zijn beperkt.
Increased contrast,Verhoogd contrast
"With Family Space Premium, you can add unlimited family members.",Met Family Space Premium kun je een onbeperkt aantal gezinsleden toevoegen.
This widget needs permission to connect to nearby devices.,Deze widget heeft toestemming nodig om verbinding te maken met apparaten dichtbij.
Move or copy files from inside Secure folder too outside locations,Verplaats of kopieer bestanden van binnen de beveiligde map naar locaties buiten de map
Reduce blue light,Blauw licht verminderen
You will receive a reminder before your subscription renews.,Je ontvangt een herinnering voordat je abonnement wordt verlengd.
Start Mirror phone or Virtual phone,Spiegeltelefoon of Virtuele telefoon starten
Hotspot enabled,Hotspot ingeschakeld
Wireless charging up to 15W supported.,Draadloos opladen tot 15 W ondersteund.
Free up space with Files,Ruimte vrijmaken met Files
See details,Details bekijken
Stop Phone on PC,Telefoon op pc stoppen
125W TurboPower charges your phone from 0 to 50%% in 15 minutes.,125W TurboPower laadt je telefoon op van 0 tot 50%% in 15 minuten.
Manage your notification preferences in Settings.,Beheer je meldingsvoorkeuren in Instellingen.
Notification snooze: 1 hour,Melding snoozen: 1 uur
Protect your battery health,Bescherm de gezondheid van je batterij
Moto Secure helps you protect sensitive apps with an extra layer of security.,Moto Secure helpt je gevoelige apps te beschermen met een extra beveiligingslaag.
Peek Display notifications,Meldingen op Peek Display
Confirm,Bevestigen
Sign out,Afmelden
Found {1} new apps,{1} nieuwe apps gevonden
Checking for updates...,Controleren op updates...
"To share files, make sure your Ready For device is open and visible to Bluetooth","Om bestanden te delen, moet je Ready For-apparaat geopend zijn en zichtbaar voor Bluetooth"
Remaining times: {1},Resterende pogingen: {1}
Disconnected from {1},Verbinding met {1} verbroken
This policy was applied by your organization.,Dit beleid is toegepast door je organisatie.
This can't be reversed. Are you sure?,Dit kan niet worden teruggedraaid. Weet je het zeker?
Work profile is active.,Werkprofiel is actief.
"When you open an app, you can swipe up from the bottom of the screen to return to the home screen.","Wanneer je een app opent, kun je van onderaan het scherm omhoog vegen om terug te gaan naar het startscherm."
Permission required for storage,Toestemming voor opslag vereist
Want to have more features?,Wil je meer functies?
Search your phone,Zoek in je telefoon
Voicemail from {1},Voicemail van {1}
Developer options enabled,Ontwikkelaarsopties ingeschakeld
Enter it below to verify your account.,Voer deze hieronder in om je account te verifiëren.
Equalizer preset: Bass boost,Equalizer-preset: Bass-boost
Set up now,Nu instellen
Sort apps by name,Apps sorteren op naam
Display lets you optimize how you interact with the screen.,Met Display kun je de manier waarop je met het scherm werkt optimaliseren.
"To protect your battery health, charging will slow down when the battery reaches 80%.","Om de gezondheid van je batterij te beschermen, wordt het opladen langzamer wanneer de batterij 80% bereikt."
Camera resolution: High,Cameraresolutie: Hoog
App not responding,App reageert niet
Have a Moto account?,Heb je een Moto-account?
Biometric data updated,Biometrische gegevens bijgewerkt
Backup to cloud successful,Back-up naar cloud succesvol
Battery saver mode will be temporarily turned off when the cover is open or the external display is used.,De energiebesparingsmodus wordt tijdelijk uitgeschakeld als de klep wordt geopend of het externe display wordt gebruikt.
Connected to wireless speaker,Verbonden met draadloze speaker
Add a family member,Gezinslid toevoegen
Call ended,Gesprek beëindigd
Press and hold the Ctrl key to begin dragging items.,Houd de Ctrl-toets ingedrukt om items te beginnen slepen.
Battery usage permission has a disclaimer,Toestemming voor accugebruik heeft een disclaimer
Mobile data is turned off,Mobiele gegevens zijn uitgeschakeld
Searching for nearby devices...,Zoeken naar apparaten in de buurt...
Formatting SD card...,SD-kaart formatteren...
Lift to silence ringer,Optillen om beltoon te dempen
Flip for Do Not Disturb,Omdraaien voor Niet storen
Screen reader is active.,Schermlezer is actief.
Spam call blocked,Spam-oproep geblokkeerd
Swipe to split screen,Swipen voor gesplitst scherm
Tap to pair with this device,Tik om met dit apparaat te koppelen
OIS reduces blur for sharper handheld shots.,OIS vermindert onscherpte voor scherpere foto's zonder statief.
Media volume adjusted,Mediavolume aangepast
Continue,Doorgaan
Lower brightness to save power,Verlaag de helderheid om stroom te besparen
5G connectivity supported on select networks.,5G-connectiviteit ondersteund op geselecteerde netwerken.
The phone will enter battery saver mode when the cover is closed.,De telefoon schakelt over naar de energiebesparingsmodus als de klep wordt gesloten.
Dolby Atmos is active,Dolby Atmos is actief
Or leave now and get a reminder.,Of sluit af en ontvangen een herinnering.
Tap back of phone to open app,Tik op de achterkant om app te openen
Full screen mode enabled,Volledig scherm ingeschakeld
Mirror your phone screen to your TV using an HDMI adapter.,Spiegel je telefoonscherm op je tv met een HDMI-adapter.
Mototalk requires an active data or Wi-Fi connection to function.,Mototalk vereist een actieve data- of Wi-Fi-verbinding om te werken.
Not possible to send PTT while recording a voice note.,Het is niet mogelijk om PTT te verzenden tijdens het opnemen van een spraakbericht.
"Or, connect by cable using an HDMI adapter or USB-C dock",Of sluit je displays via kabel aan met een HDMI- of USB-C-dock
"If you leave now, your progress will not be saved and you will need to start over.","Als je nu afsluit, wordt je voortgang niet opgeslagen en moet je opnieuw beginnen."
Or leave and get a reminder to complete setup later.,Of sluit af en ontvang een herinnering om de installatie later te voltooien.
Receive a notification each time a family member arrives at or leaves a location.,Ontvang een melding elke keer dat een gezinslid aankomt bij of vertrekt van een locatie.
Music control on lock screen,Muziekbediening op vergrendelscherm
Family space allows you to have only {1} people in you family account for free.,In Family Space kun je slechts {1} personen gratis aan je gezinsaccount toevoegen.
Security patch: April 2026,Beveiligingspatch: april 2026
Move or copy outside files to inside your secure folder,Verplaats of kopieer externe bestanden naar je beveiligde map
Fling content to a nearby screen to continue on a larger display.,Werp inhoud naar een scherm in de buurt om verder te gaan op een groter display.
This action cannot be undone.,Deze actie kan niet ongedaan worden gemaakt.
"To enable this feature, go to Settings, select Display, and then tap Advanced options.","Om deze functie in te schakelen, ga je naar Instellingen, selecteer je Weergave en tik je vervolgens op Geavanceerde opties."
Increase text size for better readability.,Vergroot de tekstgrootte voor betere leesbaarheid.
Unlock with your Moto Watch,Ontgrendelen met je Moto Watch
Account synced successfully,Account succesvol gesynchroniseerd
Screen time limit reached,Schermtijdlimiet bereikt
Double-tap to wake screen,Dubbeltik om het scherm te wekken
Step {1} of {2},Stap {1} van {2}
Use the trackpad to control the mouse cursor on your connected display.,Gebruik het trackpad om de muiscursor op je verbonden display te bedienen.
512 GB internal storage with UFS 3.1 technology.,512 GB interne opslag met UFS 3.1-technologie.
Your app tray now suggests apps based on your usage habits.,Je appoverzicht suggereert nu apps op basis van je gebruiksgewoonten.
One-handed mode active,Modus voor één hand actief
Upgrade to Premium to add unlimited family members.,Upgrade naar Premium om een onbeperkt aantal gezinsleden toe te voegen.
You'll be alerted when someone in your family group reaches this place.,Je ontvangt een melding wanneer iemand in je familiegroep deze plek bereikt.
Adaptive brightness enabled,Aanpasbare helderheid ingeschakeld
Custom gesture created,Aangepast gebaar gemaakt
Mute all notifications,Alle meldingen dempen
"Features downgraded, Subscription Cancel WIP","Functies gedowngraded, abonnement annuleren wordt aan gewerkt"
Pairing with {1}...,Koppelen met {1}...
Push notifications are currently disabled for this app.,Pushmeldingen zijn momenteel uitgeschakeld voor deze app.
Make your secure folder invisible by removing the Secure folder app icon from your home screen & app tray or within Moto Secure app settings,"Maak je beveiligde map onzichtbaar door het app-pictogram voor de beveiligde map te verwijderen uit je startscherm en het appoverzicht, of in de app-instellingen van je Moto Secure"
Color correction mode: Deuteranomaly,Kleurcorrectiemodus: Deuteranomalie
Connect to a Ready For device to use your phone apps on a bigger screen.,Verbind met een Ready For-apparaat om je telefoon-apps op een groter scherm te gebruiken.
Download {1} of {2} complete.,Download {1} van {2} voltooid.
Night vision mode active,Nachtzichtmodus actief
Mototalk puts superior productivity within your business’s reach.,Mototalk brengt superieure productiviteit binnen handbereik voor je bedrijf.
Manage your displays,Je displays beheren
Remote wipe has been initiated by your administrator.,Wissen op afstand is gestart door je beheerder.
This device is managed by your organization's EMM solution.,Dit apparaat wordt beheerd door de EMM-oplossing van je organisatie.
Switch profile,Profiel wisselen
Battery usage since last full charge,Batterijgebruik sinds laatste volledige oplading
Update window: {1} to {2},Updateperiode: {1} tot {2}
Color temperature: Warm,Kleurtemperatuur: Warm
Allow app to access location,App toestemming geven voor locatietoegang
Mirror phone to TV,Telefoon spiegelen op tv
Skip,Overslaan
Got it,Begrepen
Privacy warning: Camera in use,Privacywaarschuwing: camera in gebruik
You're logged in with your Moto account,Je bent ingelogd met je Moto-account
Open settings,Instellingen openen
Battery at {1}%%. Time remaining: {2},Batterij op {1}%%. Resterende tijd: {2}
Microphone is being used by {1},Microfoon wordt gebruikt door {1}
"For a wired setup, use an HDMI cable connected via a USB-C adapter.",Voor een bekabelde configuratie gebruik je een HDMI-kabel verbonden via een USB-C-adapter.
Privacy dashboard updated,Privacydashboard bijgewerkt
"This can't be undone, but you can connect again later","Dit kan niet ongedaan worden gemaakt, maar je kunt later opnieuw verbinding maken"
Quick launch shortcut,Snelkoppeling voor Snel starten
Your data is protected by end-to-end encryption.,Je gegevens zijn beschermd door end-to-end-encryptie.
"To get full-fledged access to Mototalk features, you can subscribe at: https://mototalk.com.","Als je volledige toegang wilt krijgen tot Mototalk-functies, kun je je abonneren op https://mototalk.com."
Block all tracking attempts,Alle trackingpogingen blokkeren
Select the display resolution that works best for you.,Selecteer de schermresolutie die het beste voor je werkt.
Media controls with volume keys,Mediaknoppen met volumetoetsen
Disconnecting will remove all synced data from this device.,Door de verbinding te verbreken worden alle gesynchroniseerde gegevens van dit apparaat verwijderd.
Quiet hours active,Stille uren actief
Mute microphone,Microfoon dempen
Enter your PIN to continue,Voer je pincode in om door te gaan
While using the app,Tijdens gebruik van de app
Hold the Control key to start drag & drop,Houd de Ctrl-toets ingedrukt om te slepen en neer te zetten
Found {1} files in {2},{1} bestanden gevonden in {2}
{1} new notifications,{1} nieuwe meldingen
"However, you may not receive new messages from email, messaging, and social networking apps after they are closed.","Je ontvangt echter mogelijk geen nieuwe berichten van e-mail-, berichten- en sociale-netwerkapps nadat deze zijn gesloten."
Reply via voice,Beantwoorden met spraak
"Press & hold on home screen to see themes, fonts, and more","Houd het startscherm ingedrukt om thema's, lettertypen en meer te bekijken"
Night light schedule active,Planning voor Nachtlampje actief
File {1} of {2} uploaded.,Bestand {1} van {2} geüpload.
Next,Volgende
Slow motion recording,Slowmotion-opname
Use a fling gesture to move content between your phone and tablet.,Gebruik een snelle veegbeweging om inhoud te verplaatsen tussen je telefoon en tablet.
Secure Folder is encrypted,Beveiligde map is versleuteld
"This action cannot be reversed, but you can set it up again from the Settings menu at any time.","Deze actie kan niet ongedaan worden gemaakt, maar je kunt het op elk moment opnieuw instellen via het menu Instellingen."
Factory data reset,Fabrieksinstellingen herstellen
Battery at 100%. Unplug charger.,Batterij 100%. Koppel de lader los.
Gesture navigation tutorial,Tutorial voor gebarennavigatie
Portrait mode: Enabled,Portretmodus: Ingeschakeld
Display aspect ratio updated,Beeldverhouding bijgewerkt
Policy template has been applied to {1} devices.,Beleidssjabloon is toegepast op {1} apparaten.
The following devices are available on your Moto account.,De volgende apparaten zijn beschikbaar op je Moto-account.
Disconnected {1},Verbinding verbroken {1}
Subscribe to unlock all premium features.,Abonneer je om alle premiumfuncties te ontgrendelen.
Quick capture: Twist twice,Snel vastleggen: twee keer draaien
Face unlock successful,Gezichtsontgrendeling succesvol
"If trusted devices/trusted places are set and Auto lock or Two-factor authentication is ON, all data will be cleared and both will be set to off","Als vertrouwde apparaten/vertrouwde locaties zijn ingesteld en Auto lock of Tweestapsverificatie is ingesteld op AAN, worden alle gegevens gewist en worden beide ingesteld op Uit"
Moto account setup complete,Moto-accountinstelling voltooid
Move running apps from your phone to a connected device with a swipe.,Verplaats actieve apps van je telefoon naar een verbonden apparaat met een veegbeweging.
Remind me later,Herinner me later
"Opens the sidebar menu in games, TV, or video chat","Opent het menu in de zijbalk voor games, tv of videogesprekken"
Explore instant games to play without downloading,Ontdek hoe je games speelt zonder ze eerst te hoeven downloaden
Enter the network password,Voer het netwerkwachtwoord in
"To drag and drop, keep the Control key pressed.","Om te slepen en neer te zetten, houd je de Control-toets ingedrukt."
Message from {1}: {2},Bericht van {1}: {2}
All data will be permanently deleted.,Alle gegevens worden permanent verwijderd.
Contact your IT administrator for assistance.,Neem contact op met je IT-beheerder voor hulp.
Emergency alerts: Allowed,Noodwaarschuwingen: Toegestaan
Missed call,Gemiste oproep
Emergency alerts active,Noodwaarschuwingen actief
Upgrade to Family Space Premium,Upgraden naar Family Space Premium
Permissions managed by admin,Machtigingen beheerd door beheerder
Search your installed apps directly from the app drawer.,Zoek je geïnstalleerde apps rechtstreeks vanuit het app-overzicht.
Enable high contrast mode to improve visibility.,Schakel de modus Hoog contrast in om de zichtbaarheid te verbeteren.
Backup to Google Drive completed,Back-up naar Google Drive voltooid
Forgot password?,Wachtwoord vergeten?
Software is up to date,Software is up-to-date
Camera access blocked,Cameratoegang geblokkeerd
Premium subscribers can invite as many family members as they want.,Premiumabonnees kunnen zoveel gezinsleden uitnodigen als ze willen.
Captions are enabled for media playback.,Ondertiteling is ingeschakeld voor het afspelen van media.
Transfer open apps from your phone to your PC or tablet using a fling gesture,Breng open apps over van je telefoon naar je pc of tablet met een snelle veegbeweging
Open recently used apps,Onlangs gebruikte apps openen
Training productivity module is available for enrollment,De trainingsproductiviteitmodule is beschikbaar voor registratie
"Your app tray can now search your apps, and recommend apps and shortcuts.",Je appoverzicht kan nu apps zoeken en apps en snelkoppelingen aanbevelen.
Fingerprint not recognized,Vingerafdruk niet herkend
Magnification shortcut: Triple-tap screen,Snelkoppeling voor vergroting: drie keer tikken op scherm
Couldn't connect to Wi-Fi,Kan geen verbinding maken met wifi
"When mirroring your screen, audio will play through the connected display's speakers.","Wanneer je je scherm spiegelt, wordt het geluid afgespeeld via de luidsprekers van het verbonden display."
Phone will shut down in 30 seconds,Telefoon wordt over 30 seconden uitgeschakeld
(Remaining times:{1}),(Resterende pogingen: {1})
Warning: This will erase all content on the SD card.,Waarschuwing: hiermee wordt alle inhoud op de SD-kaart gewist.
Call waiting active,Wisselgesprek actief
You can turn off{1} this enhanced personalization in App Tray settings.,Je kunt deze verbeterde personalisatie uitschakelen{1} in de instellingen van het appoverzicht.
Right-click on the desktop to access display settings.,Klik met de rechtermuisknop op het bureaublad om de weergave-instellingen te openen.
The Experience hub icon appears in the navigation bar when a display is connected.,Het pictogram Alle ervaringen verschijnt in de navigatiebalk wanneer een display is verbonden.
Please disable the Accessibility shortcut before continuing.,Schakel de snelkoppeling voor toegankelijkheid uit voordat je doorgaat.
Switch Access is controlling your device.,Switch Access bestuurt je apparaat.
Auto-rotate screen,Scherm automatisch draaien
"- PPT (Push-To-Talk): Fast communication with your team including individual calls, group calls, and call recording- Messenger: text and voice notes- Share contacts, images, files, and locations- Send and receive alertsPRODUCTIVITY- Track location: Monitor your external teams in real-time- Workday: Organize and keep track of your staff working hours and job journeys (start/end) by location, photos, and time- Define employee goals - Plan and track your team tasks.","- PPT (Push-To-Talk): snelle communicatie met je team, waaronder individuele oproepen, groepsgesprekken en het opnemen van oproepen- Messenger: tekst- en spraakberichten- Contacten, afbeeldingen, bestanden en locaties delen- PRODUCTIVITEIT- Locatie volgen: volg je externe teams in realtime - Werkdag: houd de werkuren en de reizen van je personeel (begin/eind) bij op basis van locatie, foto's en tijd- Stel werknemersdoelen in - Plan en volg de taken van je team."
Do Not Disturb: Alarms only,Niet storen: alleen wekkers
Snap crystal-clear photos and videos with a 50MP main camera featuring optical image stabilization.,Maak kristalheldere foto's en video's met een 50MP-hoofdcamera met optische beeldstabilisatie.
Volume limit reached,Volumelimiet bereikt
Use display aspect ratio,Beeldverhouding gebruiken
This feature may conflict with other accessibility services.,Deze functie kan conflicteren met andere toegankelijkheidsservices.
The app tray can suggest frequently used apps and shortcuts based on your habits.,Het appoverzicht kan veelgebruikte apps en snelkoppelingen suggereren op basis van je gewoonten.
"When you're in an app, swipe up from the navigation bar until your finger reaches the Experience hub icon",Veeg in een app omhoog vanaf de navigatiebalk tot je vinger het pictogram Alle ervaringen bereikt
No personal information will be stored.,Persoonsgegevens worden niet opgeslagen.
Press and hold Power button,Houd de aan/uit-knop ingedrukt
Plan comparison,Vergelijking van abonnementen
System log generated,Systeemlogboek gegenereerd
Not now,Niet nu
Flashlight: Chop twice,Zaklamp: twee keer schudden
Choose a default resolution for this display,Kies een standaardresolutie voor dit display
Done,Gereed
This is your current plan,Dit is je huidige abonnement
You've successfully logged into your Moto account,Je hebt je met succes aangemeld bij je Moto-account
Bug fixes and stability improvements,Stabiliteitsverbeteringen en oplossingen voor problemen
Try again,Opnieuw proberen
Back,Terug
Speakerphone on,Luidspreker aan
The trackpad supports multi-finger gestures for navigation.,Het trackpad ondersteunt gebaren met meerdere vingers voor navigatie.
App is draining battery in background,App verbruikt batterij op de achtergrond
To do this Branch will access & analyze your{1} device identifiers and app usage.,"Om dit te kunnen doen, bekijkt en analyseert Branch je{1} apparaat-id's en appgebruik."
This setting is controlled by your device administrator.,Deze instelling wordt beheerd door je apparaatbeheerder.
Please ensure that the Accessibility shortcut is disabled so it doesn't conflict with screen blockers.,"Zorg ervoor dat de snelkoppeling voor Toegankelijkheid is uitgeschakeld, zodat deze niet in strijd is met schermblokkeringen."
You can make the Secure folder hidden by removing it from the app drawer.,Je kunt de beveiligde map verbergen door deze te verwijderen uit het app-overzicht.
Go premium,Kies voor Premium
Scan to wirelessly connect your displays.,Scan om je displays draadloos aan te sluiten.
Ejecting USB drive,USB-station uitwerpen
Cancel,Annuleren
"Note: To ensure a high level of device security, every 72 hours you will be asked to unlock your device using another authentication method after which you can use Face unlock again.","Opmerking: om voor een hoog niveau van apparaatbeveiliging te zorgen, word je iedere 72 uur gevraagd je apparaat te ontgrendelen met een andere verificatiemethode waarna je Ontgrendelen via gezichtsherkenning weer kunt gebruiken."
Flip open to continue.,Klap open om door te gaan.
Retry,Opnieuw proberen
Push-To-Talk (PTT) is available when connected to the Mototalk network.,Push-To-Talk (PTT) is beschikbaar wanneer je verbonden bent met het Mototalk-netwerk.
Powered by LPDDR5 RAM for faster performance.,Aangedreven door LPDDR5-RAM voor snellere prestaties.
Learn more,Meer informatie
View and configure all connected screens.,Bekijk en configureer alle verbonden schermen.
IP address conflict detected,IP-adresconflict gedetecteerd
Swipe up from the navigation bar to open Experience hub.,Veeg omhoog vanaf de navigatiebalk om Alle ervaringen te openen.
Three finger screenshot,Screenshot met drie vingers
Swipe up to go home,Swipe omhoog om naar Start te gaan
Wireless charging interrupted,Draadloos opladen onderbroken
Attempt {1} failed,Poging {1} mislukt
"When using the Verizon Wireless network, the voice portion of a video call will appear on your bill as mobile-to-mobile voice usage, and the video portion will be billed as data.",Bij gebruik van het Verizon Wireless-netwerk wordt het spraakgedeelte van een videogesprek op je factuur weergegeven als spraakgesprek van mobiel naar mobiel en wordt het videogedeelte gefactureerd als gegevens.
Ready For lets you use your phone as a full PC experience on a connected monitor.,Met Ready For kun je je telefoon gebruiken als volledige pc-ervaring op een verbonden monitor.
New PTT button experience,Nieuwe PTT-knop
This app facilitates policy distribution.,Deze app faciliteert beleidsdistributie.
Show less,Minder weergeven
Display time for two locations,Tijd voor twee locaties weergeven
"Maintain a clear vision of your team goals and activities including execution time, period time control, prioritization of tasks, and more- Create surveys and send them to employees when they complete designated tasks- Generate reports related to survey responses- Create training sessions for your employeesRequires a data connection 3G/4G/5G or Wi-Fi access","Houd een duidelijk beeld van je teamdoelstellingen en activiteiten zoals uitvoeringstijd, periodieke tijdcontrole, prioriteitstelling van taken en meer- Maak enquêtes en stuur deze naar medewerkers wanneer ze de aangegeven taken hebben voltooid- Genereer enquêtegerelateerde rapporten- Maak trainingssessies voor je medewerkersVereist een gegevensverbinding met 3G/4G/5G of wifi-toegang"
Wirelessly connect to a Miracast-enabled display.,Maak draadloos verbinding met een display met Miracast-ondersteuning.
Dark theme scheduled,Donker thema gepland
Update all apps,Alle apps bijwerken
TurboPower connected,TurboPower verbonden
Battery saver mode: On,Batterijbesparing: Aan
Remaining attempts: {1},Resterende pogingen: {1}
Saving photo...,Foto opslaan...
Add account,Account toevoegen
Update {1} of {2},Update {1} van {2}
"Experience hub lets you seamlessly switch between your phone, tablet, and PC.","Met Alle ervaringen schakel je naadloos over tussen je telefoon, tablet en pc."
System update will restart phone,Systeemupdate zal telefoon herstarten
You can try to add a voice call.,Je kunt proberen een spraakoproep toe te voegen.
Hide the Secure folder by removing its icon from your home screen.,Verberg de beveiligde map door het pictogram te verwijderen van je startscherm.
Save up to {1}%% on your annual plan.,Bespaar tot {1}%% op je jaarplan.
Flash: Auto,Flitser: Automatisch
"Then, drag your text, images, and files over to your PC","Sleep vervolgens je tekst, afbeeldingen en bestanden naar je pc"
Connected to {1} via Bluetooth,Verbonden met {1} via Bluetooth
App lock: Locked,App-vergrendeling: Vergrendeld
Sound settings updated,Geluidsinstellingen bijgewerkt
Allow once,Eén keer toestaan
Search for apps directly from the app tray.,Zoek direct vanuit het appoverzicht naar apps.
Device compliance check in progress.,Controle op apparaatcompatibiliteit wordt uitgevoerd.
Battery saver mode: Off,Batterijbesparing: Uit
Leave behind common radios and transform your team smartphones into true walkie-talkies (PTT) with powerful messenger and communication features.,Laat standaardportofoons achterwege en transformeer de smartphones van je team in echte walkietalkies (PTT) met krachtige bericht- en communcatiefuncties.
Audio output: Phone speaker,Audio-uitvoer: telefoonspeaker
"When the screen times out, your device will lock automatically to protect your data.","Wanneer de schermtime-out optreedt, wordt je apparaat automatisch vergrendeld om je gegevens te beschermen."
Face unlock requires a backup PIN verification periodically.,Gezichtsontgrendeling vereist periodiek een verificatie met een reservepincode.
30W TurboPower™ charging support*sold separately5W wireless charging support*sold separately,Ondersteuning voor TurboPower™ laden met 30 W{1}*apart verkocht{2}Ondersteuning voor draadloos opladen met 5 W{3}*apart verkocht
"Swipe up, down, left, or right to scroll through the screen","Naar boven, beneden, links of rechts vegen om door het scherm te bladeren"
"Connect a USB-C dock for HDMI, USB, and Ethernet ports.","Sluit een USB-C-dock aan voor HDMI-, USB- en Ethernet-poorten."
Close,Sluiten
Google Play Protect active,Google Play Protect actief
Optimized charging active,Geoptimaliseerd opladen actief
Last checked: {1} days ago,Laatst gecontroleerd: {1} dagen geleden
Remove Weather from home screen,Weer verwijderen van het startscherm
Charging slowly: Check your cable,Langzaam opladen: controleer je kabel
Network signal lost,Netwerksignaal verloren
Capture every detail with the 108MP main camera.,Leg elk detail vast met de 108MP-hoofdcamera.
Ready For: Connect to PC,Ready For: verbinden met pc
Voice and video components of a call may be billed separately by your carrier.,Spraak- en videocomponenten van een gesprek kunnen afzonderlijk worden gefactureerd door je provider.
Long press to edit icons,Houd lang ingedrukt om pictogrammen te bewerken
